timestamp,user_question,ai_answer
2025/11/23 23:00,請問什麼狀況需要流體餵養,流體餵養通常在以下情況下被用於提供充足的營養和水分給患者，包括：1. 口腔或吞嚥功能受損、2. 無法正常進食的人士（如術後病患）、3. 消化道疾病患者、4. 嚴重營養不良者、5. 重症患者需要快速補充養分等。
2025/11/23 23:11,預立醫療和安寧醫療有什麼不同？,預立醫療（Advance Care Planning）主要是透過預立醫療照護諮商，由病人和家人在意識清楚時，共同討論並決定將來可能遇到的危急情況或末期疾病時，希望接受何種醫療照顧。而安寧醫療（Palliative Care）則著重於緩解患者身體、心理及靈性上的痛苦，以提高生活品質。兩者的目的都在於幫助患者獲得更好的醫療照護和尊嚴地告別人生。
2025/11/23 23:29,請問什麼是病主法？,病主法，全名「病人自主權利法」，是台灣在2015年通過的法律，旨在保障病患的醫療決定權。它賦予患者有知的權益，可以了解自身疾病及治療方案；選擇權益，可以參與醫療決策並表達偏好或拒絕特定治療；以及同意、拒絕或其他表示，可自由決定接受或拒絕醫學處置。病主法適用於特定臨床條件和疾病，如罕見疾病等。
2025/11/23 23:38,醫療委任代理人是什麼,醫療委任代理人是指在病患無法親自決定或表達其醫療意願時，由一位具有授權的人士代為進行決策。這個角色有助於確保患者的最佳利益和尊重他們的自主權。
2025/11/23 23:39,預立醫療決定書主要由誰進行簽署,預立醫療決定書的主要簽署者是簽署人，通常為病人本人。在簽署前，需要經過「預立醫療照護諮商」的流程，以確認患者對預立醫療決定的書面內容理解無誤並獲得諮商參與人的核章認可。
2025/11/23 23:39,「預立醫療照護諮商」時會討論些什麼內容,預立醫療照護諮商是一個過程，主要旨在幫助病人和家屬了解並討論患者在特定醫療條件下，是否希望接受或拒絕維持生命治療、人工營養及流體餵養等醫療處置。在這個諮商過程中，將討論病人的意願和價值觀，以及可能遇到的醫療決策，以協助其制定最適合自己的預立醫療決定書。
2025/11/23 23:40,預立醫療決定的內容是可以隨時更動的嗎?,是的，預立醫療決定書可以隨時改動。在完成預立醫療照護諮商後，建議保持預立醫療自主計畫的精神，定期思考自己的醫療照護需求並調整計畫。適時告知親友或醫療團隊，以確保自己的心願得以落實。
2025/11/23 23:41,如果我選擇不要人工營養或是鼻胃管，這樣不是會餓死嗎?,"在特定臨床條件下，即使拒絕使用人工營養和鼻胃管，仍可能提供「細心手工餵食」。國外醫學研究指出，長期放置鼻胃管對預防吸入性肺炎並沒有明顯效益，也沒有增加病人的存活率。此外，對於某些病人來說，鼻胃管是很不舒服的，可能導致無意識拔管或手腕、腳踝需捆綁約束，影響生活品質和味覺退化。

針對末期病患，身體機能減緩時給予過多水分和養分反而可能造成額外負擔。脫水狀態下，會讓血液酮體聚積，產生止痛效果，開心喜悅感受。給水或葡萄糖可能改善譫妄症狀，但同時降低愉快感受 (孫文榮、璩大成、黃勝堅，2015)。因此，人工營養和流體餵養的方式可視個別患者情況調整為「細心手工餵食」，以符合病人自主權利法中提供的人工營養及流體餵養規範。"
2025-11-23 23:53:45,精神障礙者可以做ACP嗎?,根據提供的參考答案，預立醫療照護諮商 (ACP) 是意願人、諮商團隊和親屬或其他相關人等進行的溝通過程。因此，精神障礙者也可以參與 ACP，只要其心智能力允許，並獲得適當支持與協助。
2025-11-24 00:45:22,如果我的家人現在生並而且意識不清，我能不能幫他簽署「預立醫療決定」？,是的，您可以替家人在他們無意識或無法表達意願時，協助完成預立醫療決定。然而，這個過程需要諮詢專業人士如醫師、護理師等，以及與家人進行充分溝通。在了解他們的想法後，您能作為代理人幫助簽署「預立醫療決定書」，確保其醫療選擇符合家人的意願。
2025-11-24 00:49:27,家人現在已經生病、意識不清，我可以幫他簽署「預立醫療決定」嗎？,根據參考答案，如果家人目前已經生病或意識不清，您可以代為協助他簽署「預立醫療決定」。請與家人討論他的自主想法，並邀請至少一位二親等家屬一同參與這個過程。如果無法聯繫上其他親屬，您仍然可以協助完成預立醫療決定。
